,Train SPEAR CORR score,Train SPEAR Pval score,Test SPEAR CORR score,Test SPEAR Pval score,Whole SPEAR CORR score,Whole SPEAR Pval score,Test ERROR score,Train ERROR score,Whole ERROR score,training loss,hek293 spearman corr,hct116 spearman corr,hl60 spearman corr,hek293 P value,hct116 P value,hl60 P value
0,0.03624639715232245,0.0019664177457593785,0.1133334452463969,1.4247669305909558e-24,0.06878826010384143,2.3566717126790886e-21,0.2533092796802521,0.3857535719871521,0.3270353078842163,0.6841714382171631,-0.029752185505750754,0.1673800004975735,0.18067838592888433,0.36894626115141727,9.505504490343548e-07,0.00021174559573979178
