,training set Accuracy,training set Precittion,training set Recall,training set F1 score,development set Accuracy,development set Precittion,development set Recall,development set F1 score,test set Accuracy,test set Precittion,test set Recall,test set F1 score,training set True positive ratio,training set True negative ratio,training set False positive ratio,training set False negative ratio,development set True positive ratio,development set True negative ratio,development set False positive ratio,development set False negative ratio,test set True positive ratio,test set True negative ratio,test set False positive ratio,test set False negative ratio,test AUC score,whole AUC score,loss,hek293 AUC score,hct116 AUC score,hela AUC score,hl60 AUC score
0,62.63197184600619,74.55585052072698,61.787104416991035,67.57357023875625,60.64676616915423,73.37249143416544,59.08553409538826,65.4585152838428,59.188544152744626,73.63213038416764,58.02752293577982,64.90507952796307,38.93569371867335,23.696278127332835,13.28783192918844,24.080196224805377,37.288557213930346,23.35820895522388,13.532338308457712,25.82089552238806,37.73866348448687,21.449880668257755,13.514319809069212,27.29713603818616,0.6172906816545073,0.6413065994899282,0.6215240359306335,0.44480431848852897,0.6651090050943961,0.6677689159131888,0.6243604036246175
1,59.112722619174576,79.23358692589461,47.58842443729904,59.46288855994924,57.58706467661692,78.22252374491181,45.44737879385101,57.491897282473204,55.489260143198095,77.831715210356,44.12844036697248,56.3231850117096,29.988269169243896,29.12445344993068,7.859656606590594,33.027620774234826,28.681592039800996,28.905472636815922,7.985074626865672,34.42786069651741,28.69928400954654,26.78997613365155,8.174224343675418,36.33651551312649,0.6409601324482574,0.6708860925836833,0.6179346442222595,0.41684981684981687,0.691174083508141,0.6981580921546175,0.6421976388531573
