,training set Accuracy,development set Accuracy,test set Accuracy,test set True positive ratio,test set True negative ratio,test AUC score,loss
0,62.63197184600619,60.64676616915423,59.188544152744626,37.73866348448687,21.449880668257755,0.6172906816545073,0.6215240359306335
1,59.112722619174576,57.58706467661692,55.489260143198095,28.69928400954654,26.78997613365155,0.6409601324482574,0.6179346442222595
