,Train SPEAR CORR score,Train SPEAR Pval score,Test SPEAR CORR score,Test SPEAR Pval score,Whole SPEAR CORR score,Whole SPEAR Pval score,Test ERROR score,Train ERROR score,Whole ERROR score,training loss,hct116 spearman corr,hela spearman corr,hl60 spearman corr,hct116 P value,hela P value,hl60 P value
0,0.11894062310290528,9.047183749391546e-32,-0.039046678645379265,0.008321153759475739,0.07738094630253006,1.3114799276755203e-26,2.578169822692871,1.3671616315841675,1.6426851749420166,0.2111474871635437,0.1429672748695214,0.16305592510976613,0.21500323374294078,2.9329358110741276e-05,3.999958424149551e-11,9.694839589515564e-06
