,training set Accuracy,development set Accuracy,test set Accuracy,test set True positive ratio,test set True negative ratio,test AUC score,loss
0,65.83128932494401,63.30845771144279,62.11217183770883,42.482100238663485,19.630071599045344,0.6393152926073207,0.6303896903991699
1,66.97237922576517,62.68656716417911,60.47136038186157,38.12649164677804,22.34486873508353,0.6478189482418512,0.6143351793289185
